{
  "analysis_info": {
    "timestamp": "2025-09-14T23:13:13.592687",
    "analysis_type": "performance_analysis",
    "total_operations": 0,
    "analyzed_operations": 15
  },
  "single_operations": {
    "hard_tanh": {
      "operation": "hard_tanh",
      "mlir_file": "out/single/hard_tanh/hard_tanh_N1_H8_W8_C8.mlir",
      "llvm_file": "out/single_llvm/hard_tanh/hard_tanh_N1_H8_W8_C8/hard_tanh_N1_H8_W8_C8.ll",
      "mlir_size": 632,
      "llvm_size": 4788,
      "compilation_times": {
        "basic": {
          "mean": 0.020464658737182617,
          "median": 0.020472049713134766,
          "min": 0.019296884536743164,
          "max": 0.021732330322265625,
          "std": 0.001043891197210796,
          "samples": 5
        },
        "advanced": {
          "mean": 0.022119760513305664,
          "median": 0.021945476531982422,
          "min": 0.020632266998291016,
          "max": 0.023546695709228516,
          "std": 0.0011777266059849385,
          "samples": 5
        },
        "llvm": {
          "mean": 0.00426483154296875,
          "median": 0.004472255706787109,
          "min": 0.003747701644897461,
          "max": 0.004644155502319336,
          "std": 0.0003897538925632924,
          "samples": 5
        }
      },
      "errors": []
    },
    "avgpool2d": {
      "operation": "avgpool2d",
      "mlir_file": "out/single/avgpool2d/avgpool2d_N1_H8_W8_C8.mlir",
      "llvm_file": "out/single_llvm/avgpool2d/avgpool2d_N1_H8_W8_C8/avgpool2d_N1_H8_W8_C8.ll",
      "mlir_size": 611,
      "llvm_size": 4814,
      "compilation_times": {
        "basic": {
          "mean": 0.0192779541015625,
          "median": 0.019202232360839844,
          "min": 0.018921613693237305,
          "max": 0.019899845123291016,
          "std": 0.00036689608371677756,
          "samples": 5
        },
        "advanced": {
          "mean": 0.021738433837890626,
          "median": 0.021840333938598633,
          "min": 0.021037817001342773,
          "max": 0.022624731063842773,
          "std": 0.0006170034588219331,
          "samples": 5
        },
        "llvm": {
          "mean": 0.004107332229614258,
          "median": 0.003890514373779297,
          "min": 0.0038018226623535156,
          "max": 0.004681587219238281,
          "std": 0.0003960708005649014,
          "samples": 5
        }
      },
      "errors": []
    },
    "relu": {
      "operation": "relu",
      "mlir_file": "out/single/relu/relu_N1_H8_W8_C8.mlir",
      "llvm_file": "out/single_llvm/relu/relu_N1_H8_W8_C8/relu_N1_H8_W8_C8.ll",
      "mlir_size": 672,
      "llvm_size": 5059,
      "compilation_times": {
        "basic": {
          "mean": 0.01955523490905762,
          "median": 0.01955270767211914,
          "min": 0.0189211368560791,
          "max": 0.020450830459594727,
          "std": 0.0006126250313576452,
          "samples": 5
        },
        "advanced": {
          "mean": 0.021480655670166014,
          "median": 0.021598339080810547,
          "min": 0.020848989486694336,
          "max": 0.021903276443481445,
          "std": 0.000411458788507657,
          "samples": 5
        },
        "llvm": {
          "mean": 0.0041523933410644535,
          "median": 0.0037870407104492188,
          "min": 0.003699779510498047,
          "max": 0.004786014556884766,
          "std": 0.0005520103410557285,
          "samples": 5
        }
      },
      "errors": []
    },
    "sqrt": {
      "operation": "sqrt",
      "mlir_file": "out/single/sqrt/sqrt_N1_H8_W8_C8.mlir",
      "llvm_file": "out/single_llvm/sqrt/sqrt_N1_H8_W8_C8/sqrt_N1_H8_W8_C8.ll",
      "mlir_size": 632,
      "llvm_size": 4788,
      "compilation_times": {
        "basic": {
          "mean": 0.020155572891235353,
          "median": 0.019173622131347656,
          "min": 0.018742084503173828,
          "max": 0.024009227752685547,
          "std": 0.0021845090412016955,
          "samples": 5
        },
        "advanced": {
          "mean": 0.021106958389282227,
          "median": 0.02072453498840332,
          "min": 0.02028512954711914,
          "max": 0.023086071014404297,
          "std": 0.001145739502362426,
          "samples": 5
        },
        "llvm": {
          "mean": 0.004170894622802734,
          "median": 0.0039751529693603516,
          "min": 0.0038635730743408203,
          "max": 0.004848480224609375,
          "std": 0.00041932599200933943,
          "samples": 5
        }
      },
      "errors": []
    },
    "tanh": {
      "operation": "tanh",
      "mlir_file": "out/single/tanh/tanh_N1_H8_W8_C8.mlir",
      "llvm_file": "out/single_llvm/tanh/tanh_N1_H8_W8_C8/tanh_N1_H8_W8_C8.ll",
      "mlir_size": 632,
      "llvm_size": 4788,
      "compilation_times": {
        "basic": {
          "mean": 0.02263813018798828,
          "median": 0.020903825759887695,
          "min": 0.01925802230834961,
          "max": 0.031334877014160156,
          "std": 0.004920824018659185,
          "samples": 5
        },
        "advanced": {
          "mean": 0.021531295776367188,
          "median": 0.02156233787536621,
          "min": 0.02102351188659668,
          "max": 0.021924972534179688,
          "std": 0.00032515108521493166,
          "samples": 5
        },
        "llvm": {
          "mean": 0.004410409927368164,
          "median": 0.00393986701965332,
          "min": 0.0037755966186523438,
          "max": 0.0060634613037109375,
          "std": 0.000956239359175857,
          "samples": 5
        }
      },
      "errors": []
    },
    "conv2d_nhwc_hwcf": {
      "operation": "conv2d_nhwc_hwcf",
      "mlir_file": "out/single/conv2d_nhwc_hwcf/conv2d_nhwc_hwcf_N1_H8_W8_C8.mlir",
      "llvm_file": "out/single_llvm/conv2d_nhwc_hwcf/conv2d_nhwc_hwcf_N1_H8_W8_C8/conv2d_nhwc_hwcf_N1_H8_W8_C8.ll",
      "mlir_size": 390,
      "llvm_size": 8036,
      "compilation_times": {
        "basic": {
          "mean": 0.02039175033569336,
          "median": 0.02025747299194336,
          "min": 0.01994466781616211,
          "max": 0.0212249755859375,
          "std": 0.0005124507010346507,
          "samples": 5
        },
        "advanced": {
          "mean": 0.02136402130126953,
          "median": 0.021085500717163086,
          "min": 0.02071213722229004,
          "max": 0.022438764572143555,
          "std": 0.0006751869019602512,
          "samples": 5
        },
        "llvm": {
          "mean": 0.004479455947875977,
          "median": 0.004682302474975586,
          "min": 0.0039708614349365234,
          "max": 0.004943132400512695,
          "std": 0.0004495060454484798,
          "samples": 5
        }
      },
      "errors": []
    },
    "asinh": {
      "operation": "asinh",
      "mlir_file": "out/single/asinh/asinh_N1_H8_W8_C8.mlir",
      "llvm_file": "out/single_llvm/asinh/asinh_N1_H8_W8_C8/asinh_N1_H8_W8_C8.ll",
      "mlir_size": 632,
      "llvm_size": 4788,
      "compilation_times": {
        "basic": {
          "mean": 0.020090055465698243,
          "median": 0.019678115844726562,
          "min": 0.019436120986938477,
          "max": 0.02132439613342285,
          "std": 0.0008147866148140456,
          "samples": 5
        },
        "advanced": {
          "mean": 0.021398591995239257,
          "median": 0.021318674087524414,
          "min": 0.021219491958618164,
          "max": 0.021673917770385742,
          "std": 0.00020699521084301004,
          "samples": 5
        },
        "llvm": {
          "mean": 0.004174423217773437,
          "median": 0.003977298736572266,
          "min": 0.003779888153076172,
          "max": 0.004699230194091797,
          "std": 0.0004352527684236604,
          "samples": 5
        }
      },
      "errors": []
    },
    "pow": {
      "operation": "pow",
      "mlir_file": "out/single/pow/pow_N1_H8_W8_C8.mlir",
      "llvm_file": "out/single_llvm/pow/pow_N1_H8_W8_C8/pow_N1_H8_W8_C8.ll",
      "mlir_size": 632,
      "llvm_size": 4788,